Title,Company,Reward,Link
Flutter 프론트 개발자,마이크로프로텍트,합격보상금 100만원,https://www.wanted.co.kr/wd/205308
프론트엔드 개발자 (Flutter),111퍼센트,합격보상금 100만원,https://www.wanted.co.kr/wd/218337
Senior Flutter 앱 개발자 (3년 이상),테이블매니저,합격보상금 100만원,https://www.wanted.co.kr/wd/166654
Front-end 개발자(Flutter/앱) (7년이상),먼슬리키친,합격보상금 100만원,https://www.wanted.co.kr/wd/216792
Flutter 모바일 개발자,헥슬란트,합격보상금 100만원,https://www.wanted.co.kr/wd/218591
Flutter 개발자,코보시스,합격보상금 100만원,https://www.wanted.co.kr/wd/99737
Flutter 앱 & Node.js 개발자,인졀미,합격보상금 100만원,https://www.wanted.co.kr/wd/210107
플러터 개발자 (3년 이상),다이노즈,합격보상금 100만원,https://www.wanted.co.kr/wd/203296
Flutter 프론트 개발자,마이크로프로텍트,합격보상금 100만원,https://www.wanted.co.kr/wd/205308
프론트엔드 개발자 (Flutter),111퍼센트,합격보상금 100만원,https://www.wanted.co.kr/wd/218337
Senior Flutter 앱 개발자 (3년 이상),테이블매니저,합격보상금 100만원,https://www.wanted.co.kr/wd/166654
Front-end 개발자(Flutter/앱) (7년이상),먼슬리키친,합격보상금 100만원,https://www.wanted.co.kr/wd/216792
Flutter 모바일 개발자,헥슬란트,합격보상금 100만원,https://www.wanted.co.kr/wd/218591
Flutter 개발자,코보시스,합격보상금 100만원,https://www.wanted.co.kr/wd/99737
Flutter 앱 & Node.js 개발자,인졀미,합격보상금 100만원,https://www.wanted.co.kr/wd/210107
플러터 개발자 (3년 이상),다이노즈,합격보상금 100만원,https://www.wanted.co.kr/wd/203296
플러터 모바일앱 개발자,한국미용데이터,합격보상금 100만원,https://www.wanted.co.kr/wd/197630
플러터 개발자,비밀리,합격보상금 100만원,https://www.wanted.co.kr/wd/170344
Flutter 플러터 앱 엔지니어,밀크코퍼레이션,합격보상금 100만원,https://www.wanted.co.kr/wd/161675
[100억↑투자] 모바일 App 개발자(Flutter),비엘큐(테스트밸리),합격보상금 100만원,https://www.wanted.co.kr/wd/181248
아파트사업본부 APP(아보카도)개발 - Senior (flutter),더즌(dozn),합격보상금 100만원,https://www.wanted.co.kr/wd/207049
크로스플랫폼(flutter)/ 시니어 프론트엔드 엔지니어,하이스트레인저,합격보상금 100만원,https://www.wanted.co.kr/wd/202720
Flutter 개발자 (병역특례_현역/보충역),넛지헬스케어(캐시워크),합격보상금 100만원,https://www.wanted.co.kr/wd/168259
모바일 앱 소프트웨어 개발 (Flutter / iOS / Android),블록체인랩스,합격보상금 100만원,https://www.wanted.co.kr/wd/138923
프론트엔드(Flutter) 개발자,와이엠스타,합격보상금 100만원,https://www.wanted.co.kr/wd/192579
Flutter 개발자,섬재,합격보상금 100만원,https://www.wanted.co.kr/wd/218843
Flutter 개발,캔랩코리아,합격보상금 100만원,https://www.wanted.co.kr/wd/217367
플러터 개발자 (2년 이상),한국모바일결제,합격보상금 100만원,https://www.wanted.co.kr/wd/215537
앱 개발자(Flutter) (신규 웹소설 플랫폼),미스터블루,합격보상금 100만원,https://www.wanted.co.kr/wd/166491
[5년 이상] Mobile (Flutter) 개발자,큐픽스,합격보상금 100만원,https://www.wanted.co.kr/wd/207359
웹/모바일 클라이언트(React/Flutter) 개발자,엘에스엠케이(LSMK),합격보상금 100만원,https://www.wanted.co.kr/wd/214936
Flutter 앱 & Node.js 개발자(신입 지원가능),인졀미,합격보상금 100만원,https://www.wanted.co.kr/wd/210056
[삼쩜삼] Mobile Engineer(Flutter),자비스앤빌런즈(삼쩜삼),합격보상금 100만원,https://www.wanted.co.kr/wd/217806
플러터 개발자 (2년 이상),더블유클럽,합격보상금 100만원,https://www.wanted.co.kr/wd/73811
플러터 개발자,피에트(FIET),합격보상금 100만원,https://www.wanted.co.kr/wd/209183
플러터 개발자,모노리스,합격보상금 100만원,https://www.wanted.co.kr/wd/194856
[Plus]Flutter 개발자,앤서스랩코리아,합격보상금 100만원,https://www.wanted.co.kr/wd/214495
Flutter 프론트엔드 개발자,비욘드메디슨,합격보상금 100만원,https://www.wanted.co.kr/wd/212146
크로스플랫폼 앱 개발자(Flutter) (SW팀),이노버스,합격보상금 100만원,https://www.wanted.co.kr/wd/214854
Flutter 개발자,잇티,합격보상금 100만원,https://www.wanted.co.kr/wd/217973
Flutter 앱 개발자,멋쟁이사자처럼,합격보상금 100만원,https://www.wanted.co.kr/wd/216821
Flutter 모바일 개발,인피니티익스체인지코리아,합격보상금 100만원,https://www.wanted.co.kr/wd/213826
Flutter Developer,아워튜브,합격보상금 100만원,https://www.wanted.co.kr/wd/214555
APP Developer (Flutter),이브로드캐스팅,합격보상금 100만원,https://www.wanted.co.kr/wd/210359
프론트엔드(web/플러터) 엔지니어 (제주본사/판교근무),피플밤,합격보상금 100만원,https://www.wanted.co.kr/wd/215498
[500억↑투자] 프론트엔드 개발자 (React-native / flutter),아파트멘터리,합격보상금 100만원,https://www.wanted.co.kr/wd/165183
"플러터 개발자(2,3년차 이상)",좋은습관,합격보상금 100만원,https://www.wanted.co.kr/wd/213777
Flutter 모바일 개발,버터플라잉,합격보상금 100만원,https://www.wanted.co.kr/wd/215084
플러터 앱 개발자,엑스플라이어,합격보상금 100만원,https://www.wanted.co.kr/wd/166936
Flutter 앱 개발자,비사이드코리아,합격보상금 100만원,https://www.wanted.co.kr/wd/120367
클라이언트팀 Flutter 개발자,로완,합격보상금 100만원,https://www.wanted.co.kr/wd/209205
"[100억↑투자] App 개발(Flutter, Android, iOS)",비엘큐(테스트밸리),합격보상금 100만원,https://www.wanted.co.kr/wd/87917
Flutter 앱 개발자,플랙스뉴럴랩스,합격보상금 100만원,https://www.wanted.co.kr/wd/151186
